0,filtered_text
Ra moguva kesarias rom ramit daexmaros am xalx,
ნინო ბოლქვაძე ხარ თუ ყლე ქალა რატო არ გადაყვა დედაშენი შენს გაჩენას მადლი იქნებოდა საწყალი ალბათ როგორ იტანჯება,
Deda mogtyvniat ylishvilebooo guli visac daswydes imis dedasac sheveci vinc tkvas ra kai adamiani davkargeto vinc gagixsenebt imis dedas sheveciii,
tqven dedas shevrci pirdapir visac transebs mxars uchert bozevixart yvelaaa,
tqveni winapari movtyan tqveni dedashvecii vin gagchinat bliad vin,
vamee tqvenii dedamovtyan transebo ar gadameyarot tore arcici ra gaajvit saqartvelodan naxviit,
ეს ქალკაცაააა გადაგიშრენდა პატრონი და თავტანი ბოლქვაძე თუ ღლე ხარ დაიწყო ცეცხლში,
Qatmebi arian zogi dasaklavia zogi mosaklavia zogi ukve saiqioshi gastumrebuli sxvadasxva gzit,
gmerto ra qveyanashi vcxovrobt araprad gvagdeben gansxvavebulebs,
დაგაფსით ქართველებო საქათმე ხართ,
პუტანკა მწოველებო,
მეპირეები ხართ პუტანკებო,
ორივეს დაგაფსით თავზე,
ეს ქალი უარესია,
ამას ვენერა ობოლაშვილი მიუყვანეთ და მოუგვარებს,
რა საჭიროა გარკვევა ვინაა ამორალი გარყვნილი არსება ნუ იშლი ნერვებს,
ვაიი საქართველოო,
,
აი გენაცვალე მართლა ჯიგარი ქალბატონი ბრძანდებით მცხვენია იმ ხალხის ვინც ამ ნაგავ არსებას მხარს უჭერთ გრცხვენოდეთ რომ მის ნაირები ხართ და თავს ასე იმცირებთ ქართველები მაინც არ იყოთ სამარცხვინოა თქვენი საქციელი საქართველოს ქართველ რელიგიას შეურაწყოფას აყენებს ეს არა ადამიანი და თქვენ დგახართ და უწერთ ქრისტი მიყვარხარ და ასე შემდეგ მცხვენია რომ თქვენ ქართველები გქვიათ ყველაზე არ მაქ ლაპარაკი მათზე მაგ ვინც ამ საქონელს მხარს უჭერთ ქრისწი თუ ქრისტი ვინც ჩემი ფეხებიც ხარ ვერ გიტან გულის ამრევი არა ადამიანი ხარ ვერ გიტან,
Araa sakartvelishi mag gamzdel hajmuli,
Prshxili kiara da tmebi labadzexar tu shemikle shen ukanaskneli klis tesli gjobia raarsebaxar tudaadgines,
წისისიაიწკწჯსკსჯსჯსჯსისუაიწჰეისჯქს აჯსიაჯაიწჯწჯსიიხიდიდჯსჯწ სქიწიზუუდუზიწჯსის ქჯზ ქჰდიჯსსისოსისი სსისიის,
წჯსიაკწჯსოქკქოეჯა წჰხუგვდგხუხუსუსუსუსსიოსსისკსიდიდისჯსოწწიდკჯდჯდისწოიწწი,
ჯაკაჯააჯაბზლქბლსკქმდკდკა,
ჰსსუსუსჯწწჯწჯწუსისჯსჯსჯსჯსჯსჯჯსჯსჯსჯსჯსკსკსი ჯწ სიეჰესი ნდნსისჯჯსკეწჯოანქაოჯსსჰჯზან,
უწსიქჯქოქკაკზ ქნქოქჯეჯსიისსჯსიწიქოიწიწნქისჯსნწისიწჯწ ჯდჯდკსკსსკსკსკსკს,
Rato elaparakebit am pidarast ra shecvlit tuu gsiamovnebt pidarasttan laparako,
Erti maxinji nasha meore pidarasti eaaa simartle araferi ar chirs pidarastia shen saftxobela nasha xar,
გიორგი ქვია,
,
Ai sheni deda m ovtyan,
ქალი რა გატეხილშია D არ მოტყნა კაცმა და,
Erti pidari da meore mankurti ia vshoke she kle qala qartuli iscavle amar vin ukurevt vabshe orive siria,
პე პრასნიკ დუტკა,
ქრისტი ყლე ბლიადო განდონო,
პრასტიტუტკა,
Sagolllll,
Trakshi tknauris meti araperi arundat pidarastebi,
ფუ რასგავს ის ქალი ჯობია სილამაზეში,
hen rom lanzgav kristis kidev araferi gitxras unda da asetia vin gekitxeba viin vin aris elene,
თქვენი დედები მოვტყან,
ფუ რა გულის ამრევები ხართ რატო არსებობთ საერთოდ ასეთები როგორ შეიძლება ადან მიანი ისთი საზიზღარი იყო რომ სხვაში აი ჩვეულებრივად ფიზიკურად იწვევდე უკვე გულის რევას და მორალზე ხომ ლაპარაკიც ზედმეტია სადან ამიმგდო ეს ნაღწყევი იუტუბმა,
ხოარ გგონია მაგისგან დიდათ განსხვავები ქალის სახელს არცხვენ ნუ იბრალებ ქალობას შე ნაგაოო ამ მახინჯის ამყოლის ყველას დედას შევეცი და მერე რო ქართველ ქალობაზე გაქ პრეტენზია ან რა სიტყვებს ხმარობ რა ლექსიკა გააქ მართლა რას გავხარ მე ვიყო ბოზი ეგ თუარ გჯობდეს ეგ რაცარი ვინცარი იმას მაინც არმალავს და არ უტყდება შენ იმენა იბრალებ იმას რაცარხარ გული მერევა შენნაირებზე,
რას გავხარ შე სასირცხცხვილო არსად არ სთქვა ქართველი რომ ხარ ქრისტი არა სირი ბლიად შენ მეტრაკე და რაგასეებს გაიძახი მერე საქართველოზე,
Qaloba muteli Ar aris marto oqros sityvebia,
შენი მაძუნგელა,
Ddddddddddddddddddddddddddddd Ddddddddddddddddddddddddd,
მიუხედავად იმისა რომ კრისტი ლაბაძეს ვერ ვიტან ამ ვიდეოში კრისტი ლაბაძეა მართალი ის ვიღაცა დეგენერატი რუსი ჰომოფობი საერთოდ ხმას როგორ იღებს ახლა ვასაძისტ ფალავანდიშვილისტი ვითომ ქართველობის დამცველები არ გამომიხტეთ,
ra kargad agina im qalma,
She yleqalkaco shen sheni dedassheveci me qristi labadze,
Qristii she satanis mociquloo yvela lgbt temis damcvelma da tviton lgbt pirevmac dagajvit tavze she plastmasis yvero lgbt temidan gariyuli xar shen vinc nornaluriaand shennairebi upuchebt saxels adamianobas tore transgenderebi vici bevr tradiciuli orientaciisas jobian adamianobit shen xar nabijvari,
ამას ღადაობიდ როგორ იღებთ ერს ვაუპატიურებთ ჩვენი არასწორი საქციელით ეს ქალი მართლაც რომ სწორს ამბობს კარგად მიუდგა და ამან მაინც აგინა თავიდან ფეხებამდე მძღნერში ვართ ამ ვიდეოდან რა რამხელა აზრის გამოტანა შეიძლება და ის იმბეცილები რომლებიც ამაზე იცინიან მათშორის ვიდეოს ავტრი ამას ვერასდროს ჩაწვდება,
Vai ra debili aaa,
ადამიანი ბისექსუალია ბუნებით პატარა ასაკში ორივე სექსი ევასება სათომაროდ ადამიანს,
კაცი იყავი და ქალად გადაკეთდი,
ყლე,
Kles atrevt tkuilad,
Hen vinc mogtknavs imas moutkan misi ojaxi,
Qristi she yleo ylifona bozandara bichi xar da gamoixexe prochi,
კრისტი ჩვენი მინეტჩიკა ბიჭი,
vai se degenerato,
Gaaklevebdi Didi siamovnebit sheni momxreebianat dagamutelebdi Didi siamovnebit,
საყლევეთიააა,
,
კრისტი ლაბაძე დაფოლოვებული გყავს ვინც ეს ვიდეო დადო იმას ვეუგვნები,
sens dedas sheveci,
Au ra agresiaaa ra daashava eseti roa,
https youtu be qeS UBXrlF,
დებილო,
ყლეო,
Ra sashinelebaa saqartvelo eseti gonebachamorchenili nagavi xalxit savse sawyali gogo Eg dampali vis aswavlis qalobas sarkeshi chaixedos jer Damplebi,
ერთმანეთს მოდაზე და თმაზე დასდევენ რაარის ახალი,
,
რა ლამაზია ის ქალი რაღაცნაირად ლამაზია,
Midi shen chababe eaici caasune da cgaubaneli kondaaa kleooo,
Sakartveloshi verc gabedaven aset laparaks trakis mimcemebi,
Ertianad xart dasacvavi tkve pidarastebo,
განა არის სადმე ერი ჩვენისთანა ღლედაღვერი,
აჰაჰაჰაჰა რა ვიცინე კაი იყო,
,
yvela adamiani vinc magaze tqvas kai admianiao kristize tqvas ro kaia aamianiao ojaxianad unda movutyna kargis trakiii,
ია ვ ვშოკე პაშლა ტი ნახუი ჯიგარია ის ქერა ასიანს ეუბნება ამ სირს,
ყლეო,
აგერ ნამდვილი ქართველი ვაჟკაცი,
bozia eg cheemallaa kristi labaze,
წავიდა ჩხუბი,
ერთს ან მეორეს რა გონია ერბო ქონია ერბო ერბოა ქონი ქონია,
კრისტი შენ დინოზავრო ჩამოდი აბა საქართველოში ინტირნეტ სივრცეში რომ იჭიმები ვითომ მაგარი ხარ ჩამოეთრიე საქართველოში გეშინია ხო,
ახჩიკამ ნახე როვორ დააფარა,
au kristi qali gaagijaa imena,
qristi labadze neta camovides saqartvelosi vaiiii ras vuzam gavpizdav davasisxlianeb mag piderasts mezizgeba kacia da qalis pomada da tansacmeli acvia ar scxvenia mag geis,
ლაციო,
ჰ როგორ მიშლის ნერვებს ეს სათვალებიანი კაცია თუ ქალია ოხ,
Giorgi labadze arxar shen qali da verciqnebi Arc kacixar da verc kaci iqnebi Aqedan gamomdinare shen veratvicnobiereb rom shecdomaxsr da sacodavi adamiani romelic xmert maincuxvar radgan chven xmertis shvilebivart rato itanjav da imcareb sicocxles roca segidzlia chumadixo visushi nerveb vistvis da ristvis aketeb amxvelapers Cheveulebrivad eshmakis mosamsaxurexar da esec ver gagitvicnobierebia maram dro gava clebic mogemsteba da es xvelaperi dagxlis da ai mand icvaleb da daitanjebi da xmerts namdvilad sheevedrebi rom gagantavisuplos magram mgoni gviani iqneba ravi jer kidev gaagrdzele da mixede xalxis nervebze tamashs,
rato mogwont xalxo seiris yureba,
kristis dedis muteli movtyan eg qartveli araa magis dedis mutelshi sheca mtelma msofliom ra xdeba kimara vinc elgbts fania imas movutyan dedis muteli,
eg plasmasis chuchu eg yle transi,
Rusulad ras chautara sukaa,
ეს ტრანსია მგონი,
ფუ ეს პიდარასტი,
Orive mutlebi xart,
,
Feisbuki amistvis gamoigonet,
Kristi r odis chazagldebi sheni jishdajilags Sheveci,
რომ აგინებს და თან ჟენსკი როდით,
ის თეთრ თმიანი ქალი პროცენტით მართალია,
რა ქართველი გვარგადაკეთებული რომ საქართველო შეარცხვინოს,
ია ვ შოკე,
ვაჰაჰაჰაააააააა,
ამოწყდეს ასეთი გეები ყველა და ამ მთავრობამ კიდევ ზომები უნდა მიიღონ და სამუდსმო მისცენ ასეთებს იქ ერთად შეყარონ და იტეხონ კისერი,
ნაგავია ეგ ვიღაცაა საერთოდ რატომ უცვლით თავს ამ ნაგავ მინეტკას,
აი თქვენ შეგცათ ალაზნის ველზე ვირმა ხახაში,
საიდან მოდიხართ თქვენი გამზრდელიც და ყველაფერი საყურე კი არა სამში გრძელი ჩამოიკიდე,
Sagoi qeratmiano,
,
რუსი გოიმი და ტრანსი კუტუკაცი,
ორი ნეხვის ბუზი ბზუიან ორივე ნეხვზე სხედან,
Roja imena kaifobs imena kidia,
გიორგი ნესუაშვილი,
Fixplay,
es unda axmarino zooparks nabozari,
Amati namshibi movtyan piradoba manaxe sheni bozi dedamovtyan,
Martla sircxvili amas vic naxavs axlodan da arapers ro at uzams,
Saxo qalo jigari xar amis gaurkvebeli dedas sheveci kalia tu bichi tavs ver daadgam amis dedas sheveci,
ია ვ შოკე,
vaimeee ddd,
es unda motyna kacit dddd mara iseti ylis gijia esiamovneba amas moutyan damjmeli eseti yleebis salaparakoc ro movida,
tqve gakuebulze gamovardnilo ylebo,
ox orives mogityant dedis gvidzlebi,
ფუ თქვენი ცისფერი და ბანძის დიალოგი,
Trasylendero,
wati seni gamzdeli movtyan midi iabdle mse se yleoo bolos waxvalam qveynidan da daitanjebi samudamod,
cudadvaaaaaarrrrr ddddddddd,
Xalxo normaluria rom kacma qalurad chaicvas Yvela qveyanashi normaluria Mara eset qveynebshi rogorc saqartveloshi xo gcemen Germania da iaponia zalian lgbtq megobruli aris Am tavrobis dedamotyan Titqos chveni bralia ro gay vart,
მგონი ვერავინ ვერ ხვდება რომ საქარ ველო კავკასიაა და არა ევროპა ან აზია პიდარასტების ამოსა ები ხმა სადაა საქარ ველო ი რუსე ი რო რუსე ია იქ კრ ალავენ ესე რამეს და პუტინს სულ მაგარი კიდია ევროპა და მისი კანონები,
ფუიიი კრისტი კიარა დედისტყვნაააა პიდარასტტ,
,
ყველა იმ ყლეს შესცეს ბუღამ ვინც ამათ უჭერს მხარს ამათ ისევ თავიანთები ტყნავენ ამიტომ არ სჭირდებათ,
იცის თურმე სადაც ცხოვრობს როგორ ეკადრება საქართველო მეც მიკვირს რა გინდათ საქართველოში თქვე დედამოტყნულებო,
მათმოვუტყან დედისმუტლ ებისათითაოდ ყველას,
ვიჯვავვვვვვვვ,
Da ara marto shen yvela LgbtH s wevrs vuwer mxars,
Mec giwer mxars qristi,
მოგიყან ტრაკგედერობა,
cxovrebas gauge ki dedikoo,
აქ რა საცოდავი ჩანს tik tokზე მთელ საქართველოს აგინებს,
აუუ საცა ვნახავ იქ მოუტყანვ დედის მუტელს სახე თუ არ დაუშრამო ისე პლასტიკური ოპერაციამ ვერ მოუხერხოს თქვენი დედა შევეცი საქართველოში ისეა უკვე რამე გადახრა თუ არა აქვს ადამინს მაგარი ჩამორჩენილია აგერ იტალიაში ვცხოვრობ წელი აქ ვინმე სტრანსგენდერი დაინახონ ქუჩაში ჭშტვენა და დედის მუტლით აცილებენ გზაზე სამხრეთისკენ ანუ რომიდან დალშე და ზემოთაც იგივე ოღონდ ზემოთ მაინც კანონი მყარად არის და ასე მარტივად ვერ დაუშავებ თორე ქვემოთ ღამე ტრანსმა რო გაიაროს ან დაყაჩაღებულია ან კიდე გასისხლავენ უზომოდ საქართცელოში ასეთი სტერეო ტიპები არიან ანუ ცოტა ელგებეტეს მხრიდან თუ ახლოში არ ხარ აუუ იმენა მაგარი ტყიირი ხარ და რაღაც ჩარჩენილი იან წლიანებშიო ამჟამად არ ვიმყოფები საქართველოში მაგრამ როცა ჩამოვალ სადმე ვნახო მითუმეტეს ღამე იქ მოუტყნავ დედის მუტელს ბლაგვი ჯოხით უნდა ვცემო აბა მაგათ ხელით როგორ შევეხები ამათი სულით აყროლებული დედას ჩავაჯვი ყანყრატოში,
ვერ ვიტან ამ ადამიანს მე ლგბტ ადამიანების ერთ ერთი დამცველი ქრისტი ლაბაძე მიმაჩნია ანომალიად და ბოროტების სიმბოლოდ წერტილი,
Es yle vin miushva mikrofontan,
sheni dedas sheveci pedarasto qristi,
კრისწი დეე,
tkveni dedebimovtyan,
ანუ ეს ახლა ნორმალურია და ვინც ამას ალაპარაკებს ის ხო ვაფშე ხალხნო სარწმუნოებას აგინებს ხალხს რო თავი დავანებოთ,
ბათუმი და აჭარა გაფიცებტ თბილისი ხო რას ამბობ,
magati deda sheveci,
ეგ რას გაიგებს ესა მე მაგას შეურაწყოფას არ მოვაყენებ და თქვენც ნუ მოაყენებთ რომ უწერთ უზრდელ კომენტარებს რა თქვენი კომენტარების და ეგეთი სიტყვების ღირსია ეგ თავი შეიკავეთ ეგ ქალი ამის ღირსიც არ არის,
კრისწი დეე დდ,
კრისწიიი დედუუ,
es adamiani aris mzgneri yle muteli gamoyleebuli xalxo zer is video naxet ra sityvebs izaxis zvartan es yle an ra videoebs debs vis mowons an vin cemi yle agulebs mag videoebs amas colat tu qmarat aravin ar gayveba arc vici cols iyvans tu qmars es yle gamosirebuli kristi labadze ara didi yle,
Am lgbts dedas spheveci,
tqveni lgbt deda sevecii erti lgbt dameqaparakos aba sadme momweros iqve unda movutyna dedis trakii moajvit abaaa saertot es lgbt ebi ra gaxdnen moasoret saqartvelodann qveyanas arcxvenenn,
Kristi shen jish jilags shesca kartvelebma miwevixar shen mepire daqalebs,
ქართველი ხარ თუ ნემეციი ქრისტი ლაბაძე შეგეციიი,
Mogityant deda,
Mokalit es kristi labadze,
გოგოოო ლგბტ კიარაა ელ ჯი ბი თი lgbt,
ვაი თქვენ არ იცით ქრისტი ვინაა,
Mash reebi arian kai adamianebi dasakmet,
SAIZGARI XAR MOSAKLAVI XAR SAQARTVELOS SHEMARCXVENELI XAR GEEBIS PEDARASTEBIS DA EGETI SAZZIZGARI SAZOGADOEBIS DEDACMOVT N DA SHENI XO UFRO YVELA SHENNAIREBS DEDAUNDA QARTVELMA KACMA RAXAR SHENC AR ICI ME RO DIDI VIYO ISE GCEMDI RO MOGKLAVDI DA VINC AMAT AMARTLEBS AMATIDEDAC ESENI SAIZGREBI ARIAN DA ELEMENTARULI GANATLEBA AR AQVT WESEBI UKVE AGAR MAINTERESEBS IMITOM ROM TIKTOKZE ISET VIDEOEBS WER ROM AQET MAGIMNEB NETEA AQ EGDO MOGKLAVDI DA SHEN VISZE LAPARAKKOB VINMEM RO GITXRAS JER IO ETKVI SHEN ENAZE NERAVI BOZO DEDASHNIS EWEREBAO VIGAC ISETI ADAMIANI ROMELIC VAJKACIA DA SAQARTVELO UYVARS DA ES SHEXVDEBA SHEMOAKVDEBA ES MIDIT GAMAKRITIKET GELODEBIDT DEBILEBOOO IMDENI TVINI AR GAQVT RO ESENI DASAJOT DZAALIAAN MKACRAT DA MERE ISWAVLIAN WKUAS,
ფუ მაგისი დედაც გვარის შემარცხვენელი იდიოტი არსება განათლებაზე რომ დაიწყებს ლაპარაკს და ხალხის რომ არ ეშინია აგინებს ქართველებს ნახეთ ერთი მაგისი tik tok ი და თქვენც მოგინდებათ გინება მთავრობამ კიდე მაგათ გამო ხალხს იჭერენ რადგან შეადგინეს იყოს ერთი კიდე ბიძინა პრეზიდენტი და არა სალომე მაგათ დედას უტირებდათ ბიძინა რომ იყო პრეზიდენტი ვერცეთი ხმას ვერ იღებდა და საერთიდ ქრისტი საქართველოში არც ჩამოდიოდა,
კრისწი შენი შიზოფრენიცა დედას შევეცი,
ყველამ დისლაიქი მიცხეთ ამ ყლე არხს ეს დაყლეებული არხი ადმინ შენი დედავთხარე,
შენი ყლე დედაშევეცი და ვინც კრისწის ნაიერებს მხარს უჭერთ მაგათ ორჯერ უფრო,
me sevecvie rogor unda vicxoovro maginebe da sevecvie tqvani dedass,
she pidarasto pu gaajmevinet am debils Kristi ara chemi pexebi,
zedmeri sityvebis daxarjva ar aris sachiro asetebi ertad unda shekribo da chacrilo da moacilo dedamiwas,
მხარს ვუჭერ განსხვავებული ორიენტაციის ხალხს მაგრამ რაც შეეხება ქრისტის შენს დედას შესცა მთელმაა კაცობრიობამ,
აუ კრისწი დეე,
ესქრისტი ლსბაძეე ყოვლღე საცემიაა გწრმანიაში რომ ეგდოო ხაალხსს და ქართველწბს რომ აგინებდაა შაქარშვილის დედაზეე რებსსს ამბობდაა ამასს ვინ აპტიებსს ვიღააც გაურკვეველიი უჯეშოსს,
ვითო გავითარებული დ ათავისუფალი თვენი დედები ვატირე მე ვითო რიბელარიზმო ხალხო თქვე გამოსირებულებო იმე LGBT MEMBER ზოგადათ მაგარი ყლეები არინ უმეტესობა როგორც ჰიტლერმა ნარკომანები გემბანზე დახოცა ისე მოგიწევთ,
Vai tqvens patrons,
კიარ მგონიხარ შე ყლეო ავადმყოფი ხარ ბუნების საწინააღმდეგო არსება ელემენტარული ბიოლოგიაა ევოლუციის საწინააღმდეგო მდგომარეობა დადგება ის დრო როცა ერთად ყველას ჩაგხოცავთ,
Cocxlad unda dawns amati dedebs movtyan mteli Guido mezizgebit tkve nabichvrebo,
Dedashens Sheveci pirshi Kristi tkvens liberates dedebs Steve I tkve nabichvaro gorebo unda daxvrito uklebliv suyvela cocxali ar unda Dario arcerti cocxali,
es labadze amis dedas shevtxare germaniashi ro iyo lives chartavda da qartvelebs dedis traks gvitrialebda es pidarasti girsia sadme tyeshi xeze miaba amis gamzrdeli ro movtyan,
ქრისტი ლაბაძე ავადმყოფი თავისი ძღნერული ფერსონალითის გამოა და ამის გამო აგინებენ მაგრამ ჰომოფობიაში ეშლებათ სამწუხაროდ დაზომბირებულ ფსევდო ლიბერალებს,
Au Ra Ylea,
შენ დედის ტრაკს მოვტნავ ვის უნდა ეშინოდეს ტრანსგენდერის,
es bozi sadme rom ar gamochndes ar sheidzleba raaa,
Avadmyopi xar aba ra xar she gandono,
pui eshmaks ras gavxart tqveni ujisho kargi movttyan rogor mezizgebitttt,
vgonivart avadmyopebio she yleo shen tu janmrteli xar D dedas sheveci tqveni,
tqven mogityant pidarasti dedis muteli yovel ricxvshi lgbt kiara pidarastebi xart shicianebi yvelaze sashishi seqta xart,
სირცხვილი ეგენი არიან ავანდყოფები და ერის ჭუჭყი,
ცადით საქართველოდან მეტრაკეებო,
tvennairi sirebit etyneba deda saqartvelos tqveni deda movtyan,
ეს ქათამი რო განათლებაძე ილაპარაკებს,
Pidarastebis dedas sheveci Me magati debili dedas sheveci Mag yleebis deda movtyan Eg yleebi Eg nabozrebi,
,
ეხა მოდით სამართალი დავიხვათ ვის რაში აინტერესებს ვინ რა იქნება ჰომოფობი ტრანსგენდერი და ა შ მივხედოთ ჩვენს მშვენიერ ცხოვრებას პ ს მისი არავინ არ ვარ დდ უბრალოდ სამართალი რომ დავიცვათ ჯობია,
უნდა დაყვეე და დახვრიტო ყველა ერთიანად,
ავადმყოფი არის აბა ვინააა ამისგანდონა დედა შევეცი,
Nu apiarebt am avadmyoph dedamijmul pidarastebs amat movutyan damtrawebeli dedis muteli,
რატო არგეცოდებათ ესეთები ესენიც ადამიანები არიან და რაქნან რო ესეთები მოვლენენ ამ ქვეყნას ნუ იფიქრეთ ამაზე და ყელის გამოჭრას არავინ გაპატიებთ ღმერთან როცა წახვალთ,
https www youtube com watch v tAy V pb w ვინც ამას მხარს უჭერს იმის ოჯახს შევეცი ეს ადამიანი არის მოსაკლავი კარგად უსმინეთ ბოლოში რეებს ამბობსდა ზოგადად მაგის ვიდეოებს გადახედეთ რა ადამიანია ყლე ხალხი რათ ვინც ამას მხარს უჭერს ყლეეე,
Nodari nu xar pituxcika yle ra getyoba pirwminda yle xar xalxs upragonod agineb seni trakis saqme ar aris vin ras ityvi rac seexeba bevri transi magari nashaa da tu segviyvardeboda coladac moviyvandi ar seizleba vinmes gariyva elgebetes kide ver vitan fuu magati transic adamiania da xeli unda seuwyos adamianma,
მე ვიცი ეს ვინცაა ვინაა და ყლე,
ლგბტ მაგარი უყო ელ ჯი ბიტი მაინც თქვი შე უპატრონო,
avadmkofi xar da yle xar aba ra xar sheni dedas sheveci mogityan dedistraki,
vinc datmobskide mostyvnia patroni,
wesieri xalxi amas arasdros davtmobt,
ra aqcias martavt qrisianebi ar xart tu xart iyavit tqventvis da nu gamodixart garet aqciit tanaswori uflebebi gvqondeso es arasdros iqneba xo icit parlaments vin kitxavs roca xalxi dgas,
არასამთავრობოები უფრო მეტად აღიზიანებენ და მეტ აგრესიას თესავენ საზოგადოებაში ლგბტ თემის მიმართ და ლგბტ თემის წარმომადგენლებს იყენებენ გრანტების მოსაზიდად და აქტიურ პროპაგანდას ეწევიან მხოლოდ ფულის გამო და არა ადამიანების დასაცავად,
gulis amrevebi xart adamianis problemas mainc ar itvaliswinebt tu ratoa transgerderi da vitom soflis knutebi mere karenovi tbiliselebi ar qurduli stilis arian mara mainc idzaxit aqana iqana waibois tqve gamosirebulebo,
Qristi mxars gicher,
hvela adamiani tanaszoriaaaa,
Cadit da ik ganvitardit sakartveloshi dzalian sasaciloebi xart,
tqveni cisartyela deda movtyan ra tanasworoba qatmebs normalur adamianebamde ra undat es ylis jogi,
Cadit mere am kveynidan,
ეს ვიდეკ წლისაა ეხლა წელია ნეტა როგორ წარიმართა ამ ხალხის ცხოვრება და რა ელით მათ შემდეგ წელში,
ყლე ბავშვები ასეთებს ვჩეხავთ დანებით,
ორი ყლე,
Yleeebo,
Es ylishvili nabozvrebi gamomivda eseseli es ylishvili tkveni dedebi movtyan nabichvaro avadmyofo gorebo,
Qurduli nakolka saidan aris ver xedavt qimiania eg,
,
ათას კაცში ზიხარ ტან ზემოთ ასე ყველას დასანახად და არ იცი რომ ინტერესს ვიღაც რომ გამოთქვავდა ნაკოლკებზე რა ცალკე შეხვედრა ბიჭო მანდ ხარ იავნად და კეთილი ინებე გაეცი პასუხი,
აი ამ დედა მოტყნულის თმები და ტატუები მოვტყან შენ ოჯახს შევეცი,
Ei bavehvebo bavshvebo,
Ex bavshvebo bavshvebo,
Amat magra gavaqatmeb chemi dedavatire simon,
magari sirebi arian magari qatmebi,
სვასტიკები რო დაუხატია ამ სირს თან დ,
awi policiisstan shexvdi she mutelo D zvozdachkebi ki ara patara mamlebi daixate,
ქიმიანია და არა იანი,
Ori puchuri,
Cremliani tvali tatu nishnavs kaci gkavs mokluli,
Tmebshi unda chagavlot kacma xeli da gverdidan unda mogcet pirshi orives,
ვის რა ტრაკის საქმეა ნაკოლკების დახატვა და კიდე ძაან უზრდელობააა იმის კოთხვა თუ ესა თუ ის ტატუ რას ნიშნავს ვინ ეკითხება სხვას,
ორივე ყლეები ხართ,
ჯერ ფიქრობ რომ ღადაობენ მერე გგონია როწინასწარ დადგეს თემა მაგრამ ბოლოს ხვდები რო ვიღაცეები უბრალოდ ყლეები არიან და პახოდუ კომენტარიც გენანება უკვე,
რაყლე ხარ შვილო,
Zvezdowkas chemi da axsnis to gamomivida qurdi,
she gogona amoiwvi rame tanze,
ზედ კი დაგაჯვით,
,
,
,
რა მაგარი ყლის თავები ხართ,
საყლევეთია,
Da ra problema aqvs vinmes qurdebTan rame problela gaqvT ro aq axsna hirdebodes jer ra saubaria tu vinmes ramesis axnna unda calke tema da quha da aq amis axna ara gansaxilveli tema sabazroa ibazret quha ristvisa,
ორივეს მოგიტყნათ დები,
ამ ორს ზოდიაქოს ნიშანიც ყლე ექნებათ,
Vin icis ras nishnavs cremli,
Ra yleebi arian,
ეს რა პასტით დაიხატა,
კბილები ფაიპლომბე შე ყლეო ნაკოლკების დახატვას,
Male ukve marsis kolonizacia iqneba eseni reebs bazroben,
Satanebis nishnebi axatiat da shens suls shemovevleo,
kleebi,
Kleebo,
არაფრის გამო აგინებენ კაცს კომენტარებში რა თქვა ისეთი რო ეკუთვნოდეს კაით რაა,
,
deda ramden yles zdis saqartvelo,
უსაქმურობის ბრალია ეს ყველაფერი,
Qurdebs bevri blaTavi arunda,
Pu raaa gamosirebuli tatuebi akvs,
Gamxmari mdzgnerivit rom iwelebian,
მაგრებ ხართ,
შენ ნაკოლკიანო და დაბრალებულო ბლატნოი რაიყო მაგარი ბიჭი ხარ და ამარიჟაებ ტატუებს კიარ ამარიაჟებ ბიჯო კაი ხალხს არცხვენ პროსტა ტეხავს,
არა ფაშიზმს,
esec kidev erti yle,
hee biziaaa qurti tuxar romeli laivs ra rtav ras amariajeb mag nakloikebss gaizardeee,
აი ყლეა,
yle,
ყველა თქვენდათავად კლიკბეიტორი დედამოტყნულიდედაშევეცი,
Inglisuris aqcenti kai aqvs,
აეს ყლე ვინარი ეკუთვნის რაც ახატია ცოდო ხარ ამოგაჭრიან მაგეებს,
Hahahahahaha ყლის ძოგიიიი,
იმ ტიპს ულვაშები ნახევრად აქვს გაპარსული,
ylebi,
Tatu da nakolka ise gansxvavdeba ertmanetisagan rogorc ca da dedamiwa,
tatos axsna ar icis,
კოვზი შაქარი არ მოურიო ტკბილი არმიყვარს,
,
Shenairi yleebit roa saqartvelo savse mitoa saqartvelos sakme kargad,
Magari siria,
egeti yle bevria onlainshi blataoben da erti ertze magat nacvlad sxva vigaceebi laparakoben tviton chajmulebi dganan eseti qveshajviebi ratom arseboben,
Amat shig aaqvt tu cdiloben rom shig qondet tu rogoraa amati ambavi axsnebio chaxsnebio da yleebioo amat moutyan sul gamoylevden eseni amxela biwebi arian ra chemi yle undat saertod purdapir chartvashi trakis tamashu evasebat etyoba dagajvit azrovnebashi bgawebo,
Xo idzaxis shemxvdi da iq momtxove axsnao vitom xo dzvel bichobs arada magari nabozvari rojaa jer ra ylea tips zvezdochka nakolka da qurduli nishnebi axatia tipi im donis ylea ro laivshi shemodis tan titveli es yle da dalshe ras idzaxis ra of qours ra bich modi nebismier dros shegxvdebi da mogitynav mag nakolkebs vitot dzveli bichi dedashebeci sheni,
Visac qurdulisamyvaroaruyvars yvelas dedas sheveci,
Tqven dedebs sheveci da imdroebasac sheveci qurduli tqvennairi ylis tavsaxurebis sagadaoro gaxdeba,
ეეჰ არაა ის დრო თორეე გახურებული ჟაჟიკალკით ამოგწვავდენ მაგ სვასტიკას და ზვეზდოს და დაგანახებდენ რა იხსნება და არა გაუგონიათ რაღაც მალალეტკური,
Ddd,
Bijo mag tatoebis mnishvneloba tu ici ar unda gaiketo gaige magas ubralo xalxi ar iketebs magaze mogtxovs vigaca tu daginaxa,
აი მე თქვენი პატრონის დედებს ჩავათესლე,
damibrunet dakarguli,
Amati dazepirebuli qurduli movtkan me,
Eseni unda shekaro karxanashi da unda amushavo,
,
vaime,
Dalshe aravin araa qurdi visac yt aqvs da egre igineba komebshi saqmes ro onlinshi gaarchev yle araxar ukve ianebi dasrulda radrois chveni qurdobaa wigni rom gadashalot da waikitxot ara imarjvebs is visac ufro meti chkua da elementaruli shegneba romelsac aqvs adamians romelsac shegneba aqvs is qurdobas ar daibralebs daushvat xar qurdi ra gixaria qurdebi svabodaze geredwodebuli srokze arian sul magalitad bidzachemi wlian srokzea axalwels chamodis da ra aris aq magari bidzachemi kanonieri qurdia da nanobs tavis saqmeebs cxovreba gaatara cixeshi da ra aris aq magari ra qurdoba damiwyet yvelam yt ze jiz varammo rom dawert da bozebis dedaco rom wers zogi qurdobaaa es kai ra xalxno ianebi dasrulda texavs qurdoba dzaan mitumetes bavshvi rom ambobs qurdi varo ra sirobaa es amas jobia wigni waikitxot da ganatlebis done awiot dayendit ra wlis vitom qurdebi da wigni waikitxet,
Anu tipebi yvela liveshi da vabshe eubnebian romeli qurdi shemovidodao ki martalia rom ar shemovidodoa mara tvitonac isinic qurdoben da onlinshiki qurdebi arian da arcerti ar iyo mand martali ai adamianidan yvela mtyuani iyo da vinc liveshi iyo isic mtyuani iyo vabshe cudi da yleuri bazari iyo aravin ar iyo maqedan namdvili ქურდი yvela onlinshiki iyo vinc uyurebda vinebic saubrobdnen da ravi ai eseti gandonebi pirvelad vnaxe uazro ponti iyo,
ამას ჰქვია ყლეპროჭაობა,
მხარზე ეგ ქურდის ვარსკვლავს ნიშნავს და ქურდების სიმბოლოა,
mogityant kurdoba gaajvit da misham gaajva exla isev kurdoba gindatmogitysnt,
Sheni fashisti deda unda mogityna,
Mogityant dedebi yvelas,
prochia eg,
sul daklevda es xalxi,
Sul gamoylevdnen,
Sirebi,
Sirebi,
Axali taobis evro kurdebi sabavshvo baxi,
მაგარი ყლეობები გახატია და დაგიჯვი ნაკოლკებზე დ,
yleeebi xart,
Jer vis rato unda auxsna ra nakolka gaq gind laivshi da gind quchashi jer chestit tviton vinari ro auxsna,
avoie sadd izdebit shlangeboooo,
Raa qurduli da sxva rameze ibazreo ro tqva svanma da tqven orma klem ro daetanxmet aba rao ra qurdulio ukve mosatknavebi xart amis gamo marto dalshe kide mag partakebs egered wodebul nakolkebs rame datvirtva Tu ar mokveboda rato miiixaate bliad getyvit vinc ar icit es qurduli zveda atricalovo egeti araris magram vinc gartkmashi araris magistvis eg ukve ifiqrebs ro kriminalni bichia ra srokze ijda da ase shemdeg egre araris mashin rato miixate padobni da msgavsi ragaca migexata kurdgeli virtxa kakras sheni temaa magram aq ra rashotze gaaketa aman rame eseti tatu ra ro waagavs zonosvski nakolkebs paxodu mentebma ro naxon prosto ra atmazkaze wava da iseni verc daumtkiceben ro qurduli datvirtva mokveba sverxu iseti ro vinme daakleos es kle kide gasworebulshi dadis da vistanac icis ro gasdis mand gakavs she kle bavshvo bavshvi principshi agar xar Mara mainc kle xar chestit bliad ne dai bog Shen kamerashi moxvde ai sluchaino ra sadac chorni xodia da qurduli palajniakia ai shen mogitknaven mand kvelafers ise dagamtvreven sakutar dedas veg gicnobs eseti dro movida tvqveni gasarchevia qurduli an swori da araswori tqe cxovrebit bozeboo Erti txovna maqvs bichebo vinc pariadchna cxovrobs visac chventan ertad xo ai esetebs sadac dainaxavt na xodu moutkanit Deda tore is dro movida ro ukve ase tavisuflad agdebulad laparakoben chven mimart da sul male vabshe cudat iqneba kvelaperi Da patara bavshvebo magaliti ar aigot amat gan kais arafers mogitant me tqvens gasagonat vambob amas sanam droa,
jer tatu raa is iswavlet mere nakolka mere vis sheulia motxovna mere sad ixateba mere vis aq daxatvis ufleba mere ra moyveba mariajs mere sistemashi ra xdeba magis gamo da bolos orivem gamodit da qurdebs daexiet yleze didi siyvarulit,
კარდაბალეტია,
ამათმა რომ ცოცხალი ქურდი ნახონ რა გაუძლებს ამათ ბლატაობას,
Am chuchuebma unda aashenon sakartwelo Tfu tkve bacnebo,
Piradshi miwere,
Blia balanda gichamiat modi didi naxuit raaa,
bich bich shegtxare xaxashi ylekaca xii i davajvi shens yvelas tavze,
shegevit pirshi tfuuuu tqve ylebo,
kituebi xart,
ვაიმე ვაიმე დაგვენძრა,
ბლაა ბლაა ტფუიიი დააგაფსათ ქურდემა თქვენაა,
articalavas da roza vetroff tatoo s rom daarqmev mandaa iasni ukve rom ghirsi ar xar magis tarebis bliad,
,
mozardmayurebelta teatria bliad,
Am cxovrebis dedas shevecii ro ganukitxaoba aa vegar gaigeb vin vin aris yovel meore axatiaa da ar ekutnit bevrs ganukitxaoba aa zonaze imdeni qatami aa visac varavskoi tatuebi aqvs magat unda amoajra eg tatu ebiii da zedvee daaawvaa es bozebiii ai aseti BOZEBI afujeben Simon palajenias da qurdulistvis vredi maqvt eseni arian bozebii da droebit I mgzavrebiii,
Es yle varskvlavebis girsi ar aris eg imsaxurebs mag varskvlavebis amojras Bozi xar cxovrebit,
ეს ერთიდაიგივე ტიპია,
ginebis girsebic araxart,
l,
Vinc shen eg zvedockebi dagaxata imis dedas sheveci agatli mag zvezdochkebs she yleo,
Ro gadaaketa uceb nakolkebi tattut d mixvda ro nakolka issneba d yle deda sheveci amisi me,
vai ra yle bichebi xart,
Mutlebi xart tqveni dedebs rom sheveci mee,
Videos dasasrulshi ukve waiyleve,
რა ტატუ ეგ არის სვასტიკა ფაშისტურია ბლატნოი ატრიცალოვკა სვასტიკა პირიქით უნდა იყოს მიმართული კონკრეტულად ეგ ტატუ არაფერს არ ნიშნავს ეგ ქურდული არ არის და ვისი რა საქმეა კაროჩე რაც გახატია არცერთი ნაკოლკა არ არის ქურდული,
Noob,
Soflelebis fushfushia,
adre tu masti ar ikavi ar konda aravis daxatvis upleba da axla ra xdeba gmertma daiparos modit gonze jobia jer kide dro ari,
chven roca viketebdit nakolkebs giad ar vjdebodit rat ginda mariaji daiparos unda aba raaaa kaneshna eknebat kitxvebi vashkacebs aravin visac ekadreba rac shen gixatia ar gavimeoreb ase navidu internetshi aravin ar dajdeba chven komunistur ckoba roca iko sicocxles gvartmevden nakolkebis gulistvis ramdenjer maikit mibanavia zgvaze rom mainc varidebdit kvelas danaxvas nakolkis axla modashia ukve rogorc vxedav da stori kitxvebiakvt shentan rom icode,
დ,
ჯერ ეს ერთი ეს ყლოსშვილი რო ქურდი იყოს ლაივში კიარგამოეთესლებოდა მსგავსი ხოდებით და საუბრებით მერე კიდო თუ მომავალია ეს ბიჭი და ქურდებში იგვარებს იმ ქურდის დედასშევეცი ვინც ამას მონათლავს და ჩამოაყალიბებს კაროჩე ქურდული თქვენ ყლეობებში და ბლატნოი ტიპობაში ნუ გეშლებათ გამოეთესლები ლაივში და ვითომ რაღაცას ტასაობ და აჯვავ ტიპებს და წლის განდონა ბიჭებს უსწორდებათ და ატნაშენიაუნდათ შენთან მოგიტყან შეგნება და ნებადამრთველი მაგ ტატუს დახატვის,
Ristvis zixar maikis gareshee tu ar ginda ro shenma nakleikebma kitxvebi dabados sinamdvileshi achokebs iceers vigaca ylis gij gogoebtan romlebsac eseti choilarebi evasebat uscordeba patara bavshvebis komentarebis kitxvaa tu rogori tesli rojaa amis vitom kriminali dedis muteli movtaan rogor mindaa magrad vcemo eseti gamosirebulebi davapsa tavzee gadavugo video da gavubazro mara esets ro shexvdebi tavs chagigunavs cremlebs gadmoyris da bodishebs mogixdis rogoria mere xelis gartyma gadatynuli myavs internetshi moblatave sastavi mara mivxvdi ro chemi nervebis pasad xdeba ees yvelaperi da tavs saprtxeeshi vigdeeb mogstyvniat dedaa tqven mainc ver amoidzirkvebit,
რა ეშველება ამ ქვეყანას,
ra gindat bavshvebo gevasebat vigaca dedas rom gaginebt komentarebshi tavmokvareoba sul agar dagrchat monebistaoba izrdeba memgoni ramodenime dgis cin orma bijma ikamata xmamagla mere ertmanets dedebi agines da patruli gamoizaxes mtkuan martalis dasadgenat tviton tvini ar ekot rom sakitxi gadaecxvitat mere gavige rom orive daajarimes larit xoda axla orive gldanis cixeshi da elodebian ojaxi saxls rodis daagiraveds da jarimas rodis gadaixdian ai sadamde mividnen monuri azrovnebit pakalenia pepsi,
rs batqi aicia es sitkvebi bavshvobashic ki goimobad itvleboda anu cels batqi aicia ra iko qartuli sitkvebi ar gvaqvs shesabamisi tu aseti kle cinadadebit gindat kuradgebis miqceva batqi aicia xa xa xa,
ვუყურებ და რომელი უფრო დიდი სირია ვერ ვხვდები,
რო ამატებენ ჩემი ისაა ჩემი ესააო რო ართქვან ერთმანეთის ახლობლებზე ცუდი დდდდდდ დაგიტრაწეთ ქურდულზეც და ტატუებზეც დდდდ,
au rayleyofilaa,
tqvensetebs rogor shevagino sheginebac ar girs D,
გა მო სი რე ბუ ლე ბი,
ბიჭო ეგენი რომ გახტია ქართულად ლაპარაკს როგორ ბედავ შენი დედა მოვტყან,
Unda daichiro orive da piridan unda datyna,
,
tagacli mag tvalebs da agaden crelmmlesbs she yvero bavsho,
jer aqedan avigot qurdeis garda zvordochkas axsnas veravin moitxovs da ra yleoes saubrobt am laivshi,
ზედ დაგაჯვით აბსოლიტურათ მოგიტყანთ ვაშკაცობა და გაგება,
Ra yleebi xart,
laivshi maseti temebze dialogi ara scori DA RA BLIAD GAAXURET TO VISAC YLE AUDGEBA SHEMOVA DA IDZVEL BICHEBS GESMIT AR GESMIT MAIC TLIKINEBD RAXAC SIROBAS DA SITYVA QURDULI TQVEN AR GEKUTNIS DA MAGIS GAXSENEBAC ARARI SACHIRO LAIVSHI magas jobia cynarat patiosnurat icxovrot,
Es iset duxzea sistemashic ityvis tqven vin xart rom maxsnevinebto da miawodeben shkurkas,
Chaicvi maika ar gacivde,
რატო დადეს ეს ვიდეო ამით რა ქნეს ვერ მივხვდი,
es qurduli varskvlavi ar aris vafshe eseni kai bichebi ar arian bavshuri dialogia qurdi sizmarshic ar eyolebat nananxi romel kai bichobazea saubari ra tatuebis axsna eseni arian yleeebi qurdulze visac unda vebazrebi pirispir qurdebis winashe da amnair yleebs vachoqeb xididan vyri siri bavshvebi,
Ra dro dagvodga aset sirebs rom ablataveben,
დანძრეული გვაქვს,
bavshvrbo wigni waikitxet damijeret gamogadgebat weli naxalokavshi birjaze gavatare da dges vnanob qurduli ara shmhrduli enebi iswavlet gaixedet rac xdeba samyaroshi marsze miduan ro dasaxldnen bliaddd ra qurduli too,
Magari xar,
Vaiiiiiiii utrako trakebi,
Amas qvia darxeva vaa tqve chemis gadangreulebo vaabshe daklevdit xo Trakze matarebeli daixate she kleo shena ajobebs asaxsnelic ar geqneba,
Pituxi ibanie,
shemxvdi da agixsni ra tatu maxatia avoieeee,
tatu arixsneba nakolka ki sheileba gaicinot aq raznica rariso magram raznica didia,
au esroician rogor sheviginoo da mere dedistraks afareben ertmanets xD,
arada rac axatia mxrebzec da mkerdzec ixsneba prosta iseti yle cxovreba movida yoveli meore ixarebs,
Siafanti xalxi fu tqveni,
Atasi xalxi giyurebs she siro eg tu ici chaicvi maisuri she dedis pir motynulo,
au tqveni sazizgari dedebss shevatsslee pirrshii tqveniii livee da tqvenii ojaxebi movvtyan ra,
qurdebo tito tito esetebi gaatriet saqartvelodan da aswavlet tu vis aqvs ufleba qurdulze isaubros,
D sityvebi zedmetia ubralod shesaferisi sityva ver vipove,
dd,
An ar gitydebat amdens ro gagineben rato shemodixart laivebshi,
რამდენი კვერცხია,
dzmebo tu xatavt unda icodet ras xatavt tu icit magaze kargi ra aris,
ეს ქართველები მთლად გამოყლევდით არაა,
Shen yleo vaime ra yle xarrr,
agawvavdi mag zviozdachkebs she qatamoo ramdens bedav shee pirdapir ylidan gadmomxtaroo,
tqvenii bozad gachenili dedas sheveci,
ra cemi ylea es laivi azrs ver chavcvdi erti spana ori shpana komentarebi detski sad ertma gaicina magar raxaceebs azrobso es gogoo raxac uazroba dacera da amatma gaicines aseti segrzneba maq sxva planetaze movxvdi albat araferi xdeba saintereso da emocia raxacasi unda gamoixatos unda daixarjos qurdulio raxacao sad banaobt zaan iseti budovania es yvelaferi da tqveni saqcieli ra undoda am xalxs ver mivxvdi,
ღმერთო შენ დაიფარე საქართველო,
აუ ჩემი ქურდოა უნდა და ქვაბში საჭმელს აკეთებდა ბოლოს დ,
ვაი თქვენი მსახიობი კარგი მოვტყან,
SHENI DEDIS ZUZUEBI GAXMES RA QVIA IM DEDA MOKLULS KOMBI VINC GAMOIGONA RO ARA ES INTERNETI AMAS XO VER VNAXAVD,
tatus xsnian bichebi ra sirebi xart,
tatus axsna,
amati orivesi didis pirshi sheveci,
Kutuebi,
Mariaji narodi mecinebaaaaaaa,
დოდო ყლეებიი,
Amoijeri she yleo,
Sirebo,
priichoskebii ariian magarii magarii adrendelii indoelvebii xart fuu biilied,
Yleebi xart ve,
ტიპიური სირიები,
Simonebi,
Magari yle bavshvebi arian mogityant deda shvileboo,
Ravi nakolka ratom unda daanaxo liveshi azze arvar mara rato axtebianxolme egvergavige,
რადედაუტყნეს აზრზეხართ წარმოდგინეთ როგორ ცემდენ ნეტა მეყურებინა ამის დებილი დედამოვტყან და იმის კიდე გინც გვერდში დაუდგა და ვინც არგაუჩერა ინსტაგრამი,
ლე ხარ ჩამოსხმა,
ენაცვალე ვინც დაგაფუჩურა,
მოუტყნეს გამზრდელი,
ოგეტყნა დედა მშვენიერი,
მოგხვდა შე ყლეოოო ქეჩოში,
პიდარასტებს ეგრე მოუწევს,
კომენტარებში რა გჭირთ,
ერთი ცემა რაა დღეში სამჯერ უნდა გაგიგდონ წიხლქვეშ შენ არუთინაშვილი ვიღაც პოლუპიდარასტი კავკავიშვილი და ყველა ვინც ეპატაჟურად აზროვნებს შე მართლა წაღმა უკუღმა ნახმარო შე გადაჯიშებულო და სისხლგამშრალო მე რა შიპლიპიტო უნდა მომჭამო ბავშვები გიყურებენ ვერ გაურკვევიათ რა არის კარგი და რა ცუდი ვიღაცა შენზე უფრო ნახმარი გამოვარდება და იტყვის რატომ აბულინგებ დროს ჩამორჩი ან უფრო უარესი გშურს და იმიტომ წერო შენი რომ ადამიანს შეშურდება ის უნდა გასვა სარზე ვერტიკალურად მერე იმ მწერალთა კავშირს შევეცი შენ რომ წევრობაზე მოგიწერა ხელი იმ კავშირში სადაც გალაკტიონი დააბიჯებდა სადაც გოგლა მარგიანი აბაშიძეები მურმან ლებანიძე კონსტანტინე და ბევრი გენიოსები ბაღში ნიჭზე ბჭობდნენ იქ სადაც მუხრანი ნოდარ დუმბაძე შოთა ნიშნიანიძე გურამ ფანჯიკიძე მოღვაწეობდა იმ კავშირის წევრობაზე ხელი ვინც მოგიწერა ბაღათერ არაბული იქნება თუ ჭიჭიკია ბოდიში ჭიჭიკიასთან საწერ კალამი არ უნდა შეთხარო სადაც ჯერ არს შენ სულით ხორცამდე ბოზო ვის უხდი მადლობას ვინ დაგიდგა გვერდით გადახედე კომენტარებს და მიხვდები რომ ტატუნაშვილების ანწუხელიძეების შინდისის გმირების ქვეყანაში შენი და თქვენი ადგილი აღარაა ბავშვებს ნუ უბინდავ გონებას შენისთანა პიდარასტებმა წალეკეს ტელევიზიები შენისთანა ეპატაჟურმა ქინძმა თქვა პირდაპირ ეთერში ჩემზე ვეფხვსაც აუდგებაო და ამას ისმენს პატარა ბავშვი ბიჭი თუ გოგო არ ხართ დასახვრეტ დასატყნავები კიდევ უტიფრად აცხადებ მცემესო წესად უნდა იქცეს თქვენი წიხლქვეშ გაგდება მოვალეობად უნდა ჩათვალოს ყველა კაცმა ვინც თქვენი მომხრეა გაუმზადეთ თქვენს გვერდით ადგილი,
ხმა ჩაიგდე შე თავ ყლე დიდი სიამოვნებით დაგილეწავდი მაგ დაბერილ სახეს შე ნაბოზარო შე ზოდიაკოთი ყლეო,
რობერტო შე ცხოველო როგორ ატკინე მასხოს არ გეცოდება შე მოძალადე ვახ ჩემი აგარია,
წესიერება არიცი რაარის შენ პირში შევეცი,
ეს რა ყლეა,
Ar misca kle mavans muteli,
მოგიტყან დედის მუტელი მასხულია,
vaxx,
ეს ლა გიქნეს ცუდებმა ფუ აუ რა ყლე ხარ D,
დედაშენი მაიც შეიცოდე შენი თავი თუარ გეცოდება,
Dedaa movtyan sheni she bozooooooooo,
ეს ხალხო ყველაფრის მკადრებელია შეიძლება სახე დაიპორჭყნოს და მავანმა მიქნაო დააბრალოს შენმშობელებს უნდაეცემე იქნებ კაცი გაზრდილიყავი დალბაიობი,
ცუდადყოფნის შენარაფერი გეტყობა თორე ამდენიხანი არიტლიკინებდი ინტერნეტში შენი ძალადობაც ბევრი გაუგია ხალხს ძალადობას ვგმობ რათქმმაუნდა მაგრამ შენხო სირცხვილიხარ ქვეყნის და ყველა შენნაირი ამბიციაროგაქ მწერალთაკავშირის წევრივარო არც ლოგიკაგაქ არც გადმოცემის უნარი და რაცმთავარია კითხვა არიცი ქართულად ვერკითხულობ სირცხვილი იმ ხალხს ვინც შენ მწერალთაკავშირში გაგაწევრიანა ეგხო დიდი შეურაწყოფაა მმაგსფეროში შენნაირი გაუნათლებელი რომმიქნება მასტერკა ტვინიარგაქ თავში და კიდე არც ქალებში წერიხარ და არც კაცებში რა არსებახარ ვერავხვდები მაგრამ თაღლითი და ბინძური სულისპატრონი რომხარ ეგკინათელია,
vaime fiso,
რო აგინებდი მავანის მაშინ ყავდა ხო პატრონი ამ ქვეყანას და ეხლა არ ყავს ხო რო გცემს,
Amas yba xo ar mougrices,
Ar mjera rom mavinisgan iyooo girsii xar Ar mecodebii shennairebi cemis girsebii arian da uaresebis,
,
ევროპა რო გინდათ და შესვლა ნატოში ასეთი პიდარასტები და ლგბტ ცემაზე წლიანზე როგაგიშვებენ,
გიორგი მასხულია შე ყლეო მეტის ღირსი ხარ შენი დედის მუტელი მოვტყან შენ ბოზანდარავ და თუ მართლა მავანიმ გცემა მავანის ვენაცვალე გულში და სულში,
მობილიზებული მობილიზებულიი ეს ეს ქათამიი ეპატაჟური მეორეეე ქათამიიი თქვენიიი დედის მუტელი მოვტყან ლაპარაკი ისწავლეთ სირებოოო,
Sheni dedisss xelis guli movtyan pachovnikani ylitvgagitexav tavs sheni dedis saylapav mils ro chavajviiii,
Masxulia sheni dedas shevecittttt,
Mogitknes gamzrdeli mogitkan gverdshi mdgomebi she kurica bliad sheni kleopatra deda movstkan,
vinc dakaves isini arian gamosashvebi ara shen palatidan,
vinc qcema is mgonia kaci,
kaci xar tu qali,
vinc gcema imas vakoce mushtebshi,
,
Ratooo ar mogitynes dedikoc tvalwin,
რამხელა ყლეყავხარ დედაშენს შენარაგუნებდი მავანის მისტერ ვალენტინზე მოგეტყნა დედის ჯიგარი,
რათ გინდოდა გიო ბოტოქსი აგერ სრულიად უფასოდ გაგიკეთეს ბიჭებმა,
რა დააშავე და ყლეს რომ წოვ საათი ის დააშავე ამ პედარასტების გულისთვის ნახევარი საქართველო დაიჭირეს და ომი რომ დაიწყოს თქვე დედამოტყნულებო თქვენ იომებთ ავტომატი კი არა ყლეზე მძიმე არაფერი გჭერიათ და დიდი მადლობა ამ მთავრობასაც ეს პედარასტები თავზე რომ დაგვასვით,
ატო ცემეს,
Moklan midi dedamovtyann meee,
ნორმალურად მოიქეცი და არავინ გცემს,
დედის მუტელი მოვტყან თქვენი სუყველასი ტოო,
არშეილება ესე ცემა ადამიანის,
ბოტოქსი გაგისკდა,
პატრონი შენ არ გყავს საცემი ხარ აბა რა ხარ ეგრე ნაზად მე არ ვტირივარ ფუი,
,
Aseti yleebi xart iberastebi,
d,
ნელა ბოღმის ბუკეტო არ გასკდე,
აეეეხლა დაგენ რა საქარ ველოვ,
ქალი პოზიტივი საინტერესო ლამაზი სამართლიანი,
ღმერთის არ გწამს,
Trash,
Icon,
ყლეხარ,
მაგრად მევასები ქრისტი,
ნუ ქგინებთ რაა ჩემს გარეშეეე,
Xalxo es rogor unda giyvardett tipi dedis utels gaginebt da tqven,
შენი დედის პირში ჩავხტი ჩემი რო მეტრიან ყლით შჰენი დედაც მოვტყან შე ჟიმისია ყლე მოტელი შჰე ჩამოთესლილო ახვარო სადმე თუ შეგხვდები მოგიტყნახ დედას და მაგ ოთკუთხედ სახეს,
სამკურნალო,
Kristis dedas sheveci,
,
Shegzlebia wesieri laparaki turme,
we love a georgian queer icon,
Ras gavxar shen pirshi chavajvii an shen vin gamogicers da seriozulad mogismens movutyan dedis muteli imasac,
KRISRIL ABADES DEDA AHEVTXARE da imisac vis kristil abade ukvars ver gagvigia gioegi xar ru kristi abade shens dedas shegecit mtel ojaxs tkve kleebo bozebo kuchis dukna bozi xar ra unda gelafarakon mainc erti da igibes imeoreb she kleo,
ქართველი ხარ თუ მემეცი ქრისტილაბაძეს შევეცი ბერლინის ძიკნას მე შევეცი კრისტილაბაძეს შევეცი,
ვ ვზნხვკზ,
გრისტიბლაბაძეს დედა ვატირე,
შენი დებილი დედამოვტყან ნაბოზარო ყლის შვილო შენი დედამოვტყან ბოზისშვილო ყლე ქალა,
აუ რა ქრისტი ყლე,
ფუ რა პიდარასტი ხაარ შე ყლეოოო,
მომენტი როდესაც ყლექალა კომპლიმენტად ითვლება,
აუ მართლა შენზე დებილი ადამიანი არ არსებობს და ვითომ შენ ლამაზი ხარ,
წოვითხარ შენ დაკავებული,
შენი მდგომარეობა არის საშინელი ან ფსიქოლოგიური დისფორია გაქ და ლითიუმის დალევამ გიშველოს ან ჩასახვის მომენტში მოხდა მუტაცია შენს გენომში რაც არუნდა გაიკეთო ძუძუ და მუტელი და იჩხირო ქალის ჰორმონი ვერაფერს მოუხერხებ x y ქრომოსომას რომელიც შენი კაცობის სათავეა და მაქედან მოდის შენი ფიზიკური განვითარება ყოველთვის გექნება შენს თავთან წინააღმდეგობა ყველა უჯრედის არსი და დანიშნულებაა გაყოფა გამრავლებაა ვერ წახვალ სამყაროს წინააღმდეგ და ვერ გაასაღებ შენს მდგომარეობას ნორმალურად იმაში გეთანხმები რომ საქართველოდან ყველა შენნაირმა ავადმყოფმა გააჯვას და პროჭიდან ნაწლავი რო გადმოგივარდებათ სამშობლოში დამარხვას ნუ მოისურვებთ,
Idi naxui kristil,
შენ თვითონ ხარ დედის მუტელი,
პ,
შენი დედა დიდი სიყვარულით,
შე ნუბო კაცი ხარ თუ ქალი ეგ გვითხარი ზიპერას რო აბრალი რაღაცეებს,
შე კუტუ შე ყლის შვილო,
Mogityan dedis traki,
fu she matyuaraa gvacodebs tavs,
არ გამოვიჭერ და შენი დედაც შევეცი,
ნახვი შე ყლეო,
კაი ოჯახის შვილი ხარ,
Wow mshvidi kristi bevrqd uketesia,
Kriswi seileba qartveli var Mara martla miyvarxar,
,
ტიკტოკი აქ ბოზიშვილს იგინება ტიკტოკზე დ აგინებს ყველაასსს,
მადლობა კრისტი რო ესეთ ვიდეოებს იღებ ჩემი შვილი რო მეტყვის მამა ყლე რა არისო ამას ვაჩვანებ,
შენ უნამუსო ტიკ ტოკი არ მაქ და აქ დავწერ შე ვირთხა არ გახსოვს ტიკ ტოკზე ბოდიშს როგორ იხდიდი და არ გაპატიეს და კიდევ იქ რომ ამბობდი შენ ვირთხებოო და ჯუჯებოო და ამ ვიდეოშიც იჯღანება ეს ვირთხა ეს ადამიანის გარდა ყველაფერს გავს ვინმეს ეს თუ მოსწონს არაფერი არ თქვან მაგრამ მე ამას არ მოვითმენ საიდანაც მოვიდა იქ დაბრუნდეს ეს ვირთხა და იცოდეს რომ საქართველოს ქართველები მაგრად დაიცავენ შენგან კიდევ ერთი გინება საქართველოზე და არ გაგიმართლებს,
Mogityan debili deda ravi,
ფუუუ,
გერმანული იცი,
Sheni Deda Motyan sheni Deda Sheveci sheni Kargistraki Motyan Shennairi Yle Tu Arsebobs Yle Xar Bozo,
შენი ქმარი შვილი მივტყან მე შენი დედაშევეცი,
ამ დროშას და ყველა გეის,
შე ყლეო შენ დედას შევეცი მე მე ამას შევეცი მე,
დავაი რა,
უბრალოდ ეგოისტი ყლე,
კრისტი შენი დედა მოვტყან საქართველოს სახელით დდ,
მოგიტყან დედის მუტელი,
ყლეხარ მუტელო,
Saconelo,
seni deda movtkam,
შენი დედაც შევეცი ყლეო,
Ubralod mogitkan dedis traki,
შენს დედას ვტყნავ შენს უკან გაიხედე,
kristi sheni jilagi movtyan,
sheveci shen dedikos da mamikos,
Kristi Sheni mkvdarida cocxali movtyan shen ojaxs sheveci,
ქრისტი შენი დედის მუტელი მოვტყან შე ყლეო,
შენი დედასს შევეცი რომ ასეთი ყლე გაგაჩინა ნაბიჭვრის გაგდებულო ყლის შვილიოოო,
შენი,
am yverma aqacmoagwia,
იდი ნახვი დედამოვტყან შენი,
ბატონო კრისტი მჰმ აჰმ ბოდიშით ქალბატონო ქრისტი ეს თქვენი არხია,
ქრისტი ლაბაძეს შევეცი ბერლინის ძუკნას შევეცი,
Yleze rom gvkidia ici,
Se yleo se mutelo se Sirose mutelo se deda sevwci pucuro dd,
ამ ნაბოზარს ჩვენით ფულის შოვნა უნდა,
Mogityan kargis traki,
Tiktok reaqciebi gadaige da dzaan moixodebi,
რაყლე როჟახარ გააფსი სირიკო,
ქუთაიში არჩამოსუნო ბიჯო,
ამის მერე რასაც იძახი საერთოდ რომელ ადამიანობაზე და ჰუმანურობაზეა საუბარი უზომოდ ამპარტავანი ხარ და საკუთარი ვნებების დაკმაყოფილების იქით შენი გონება ვეღარ ქაჩავს შენს გარშემო არ ტრიალებს სამყარო კრისწი ცოტა გონს მოეგე და მერე იკაპასე სხვების ჰომოფობიურ შეხედულებებზე,
Zan dabali xmaaq krist,
შენი დედამოვტყააანნ დაიკარგე ბანკაში და კოქტეილი გაგიკეთებთ ყლეეოოო,
რა ყლე გაუჩნდი შენს მშობლებს ეჰ,
,
მუსიკას რა ქვიააა მითხარით გთხოვთ,
Visac es gevasebat su yvelaferi mogityant,
Opa yle qalam youtubi shqmna sagol yleo,
Mamasenis mizani movtyan SE yleo,
Seni tiktoki movtyan,
Sevardnedzis dedas seveci da senc,
Seni boifrendic movtyan,
Yles gavxar,
Sen vis unda caajmevino,
Dedasenic ylea da mamasenic,
Seni gagijeba movtyan,
Seni inglisuri movtyan,
Dedofali ki Ara yle xar,
LGBT raga cemi ylea,
Siro,
Yle xar da maxinji,
W perents,
Xo ar gamoylevdit xalxo karg komentarebis vinc uwert imati deda movtyan tqven sirebo,
Yleo sena,
ბერლინის ძუკნა საქართველოს დედოფალი ავსტრიის კარალევა და მოსკოვის პუტანკა ქალი შოუ ქალი ძივააა ქალი დახვეწილობა კრისტუ გვიყვარხარ,
სხვარაკურსი დააკოპირე,
ვინც ამას რამე დადებითს უწერთ თქვენი დედას შევეცი,
ეს ვის უყვერს ფუი ბლიად ამის დედა მოვტყან მე,
ყოჩაღ,
kargia კარგია გაუმჯობესდი გამოვიწერე,
არ ხარ ცუდი,
martla kristy xar tu isev sxva debs shen videoebs tavis arxze,
am planetis dedofalic da mefec gmertia gaige da shen araferi xar ginebis da sheni codvebis garda,
,
ყველა კარგი,
მოდი ლოგინში vs,
მახინჯი ხარ დედოფალი კი არა,
Sheni dedis muteli movtyannn,
ხალხო კარგს რატო უსურვენთ ამის კარგიც არ მოვტყან,
ამისვიდეოს როგორ უნდა ქონდეს ნახვები და ჩემსას არა,
წარმატებები მიყვარხარ ძალიან,
დედოფალი ხარ,
My queeeeeeeeeeen,
Capcutit roaeditebs tipi rakai dvc aq arada me redmi note ti vaediteb marto ccshi,
Kristii gviyvarxar uzomoddd qali xar qaluri gakoce,
დედოფალი არა ისა კიდე შენზე ლამაზი საფრთხობელა მინახავს პიროვნული თვისებები კიდე ცხოველებზე დაბალ საფეხურზე ხარ,
ქრისტი მუსიკის სახელი ქ ხოვ,
გვიყვარხარ,
ქრისტი ძაან ლამაზი ხარ ოღონდ მართლა ყველაფერ კარგს გისურვებ,
ანუ ძაან დედოფლური შოუები გველოდება,
ყველა დისლაიქი მხოლოდ უჟასებისგან არის ქრისტი კი მთლიანი სამყაროს დედოფალია,
ქალი იკონა ქალი ძივა ქალი ქალღმერთი ქალი შოუ და ქალი დედოფალი მიყვარხარ ქრისტი,
იუთუბის დედოფალი,
Kristy is queen,
ქრისტის ჰეითერებს შეგიძლიათ რომ მოწოვოთ ქრისტი საუკეთესო ხარ,
ქრისტი ძაან მიხარია იუთუბზეც რომ ხარ,
ქრისტი წარმატებებს გისურვებ დედოფალო,
ანუ ქრისტი საერთოდ არ იმსახურებს ამხელა ჰეითს და სიძულვილს უსაყვარლესი და უშოესი და უსაინტერეოესი ადამიანი,
ქრისტი უბრალო გოგო არაა ის არის ქრისტი ლაბაძე ბერლინის ძუკნა ვენის დედოფალი და მთლიანად ინტერნეტის იკონა ქრისტი ძააააააან მიყვარხარ,
ქრისტი უზომოდ მიყვარხარ და ყველა შენი ჰეითერი ყლეა,
Yvelas dedasheveci visac kristy evaseba,
როგორ ხარ დედუ ბერლინიდან ონლაინშიკობ ჩამოდი საქართველოში მაგ პირსინგს ტყაკში აგაკრავენ,
Her name is Kristy and she is here to shine,
ახლა იუთუბში ეს პიდარასტი,
Sagol yleoo kai iyo,
ვააუუ კრისტი წარმატებები,
ქრისტი ქალღმერთი,
ყველაფერს რასაც ქრისტი აკეთებს არის ლეგენდარული და ამაზე წერტილი,
ანუ iconic,
აწ უკვე იუთუბის დედოფალიც,
ანუ ქრისტი ძაან მიყვარხარ,
მე ინგლისურის გაკვეთილზე,
,
პიდარასტების და ნიანგების გულის გასახეთქად დედოფალი იუთუბსაც იპყრობს,
დედოფალი მოვიდა,
